{
  "baseline": {
    "seam": 7.484351045277206,
    "inner": 1.5942899991046646,
    "ratio": 4.694472805750731
  },
  "optimized": {
    "seam": 1.9738653452999613,
    "inner": 1.933608051302669,
    "ratio": 1.0208197798774012
  },
  "reduction": 0.7362676692529656,
  "ratioReduction": 0.7825485795493593,
  "baselineBlocks": {
    "neighbor": 33.98383325430657,
    "inner": 14.821932655408322,
    "ratio": 2.2928071557460714
  },
  "optimizedBlocks": {
    "neighbor": 27.18548953975921,
    "inner": 20.215751914492454,
    "ratio": 1.3447676670522568
  },
  "blockReduction": 0.20004640629190482,
  "blockRatioReduction": 0.4134841808731733
}